{
  "id": "",
  "name": "",
  "font_family": "iconfont",
  "css_prefix_text": "icon-",
  "description": "",
  "glyphs": [
    {
      "icon_id": "10809884",
      "name": "向左 箭头",
      "font_class": "changyongtubiao-xianxingdaochu-zhuanqu-",
      "unicode": "e74a",
      "unicode_decimal": 59210
    },
    {
      "icon_id": "10809885",
      "name": "向右 箭头",
      "font_class": "changyongtubiao-xianxingdaochu-zhuanqu-1",
      "unicode": "e74b",
      "unicode_decimal": 59211
    },
    {
      "icon_id": "10809887",
      "name": "向上 箭头",
      "font_class": "changyongtubiao-xianxingdaochu-zhuanqu-2",
      "unicode": "e74c",
      "unicode_decimal": 59212
    },
    {
      "icon_id": "10809893",
      "name": "向下 箭头",
      "font_class": "changyongtubiao-xianxingdaochu-zhuanqu-3",
      "unicode": "e74d",
      "unicode_decimal": 59213
    }
  ]
}
